bd_style,bd_nb_chambre,bd_nb_piece,bd_prix,bd_paragraphe,bd_salle_d_eau,bd_salle_de_bain,bd_toilette,bd_annee,bd_etage,bd_ascenseur,bd_balcon,bd_cave,bd_chemine,bd_cuisine,bd_exposition,bd_gardien,bd_hauteur,bd_jardin,bd_localisation,bd_neuf,bd_parking,bd_parquet,bd_piscine,bd_taille,bd_terrasse,bd_travaux,bd_vis_a_vis,bd_vue
Appartement,3 Chambres,4 Pièces,"795 000 €
Les honoraires sont à la charge du vendeur","Lyon 6 - Tête-d'Or - Appartement de 106,16 m² - 3 chambres - Balcons de 16,84 m² - Garage - Cave - double destination EXCLUSIVITÉ - TÊTE D'OR. Situé à proximité du Parc de la Tête d'Or, au 4e étage sur 5 d'un immeuble de standing avec gardien, cet appartement parfaitement entretenu, rénové en 2017, traversant Est/Ouest, dispose de 125,21m² (106 m² carrez). Il se compose d'un hall avec dressing ouvert sur une pièce de vie de 30m² et donnant accès, par de larges ouvertures, à un balcon de 12m². Le bien dispose d'une cuisine équipée donnant elle-même sur un second balcon de 2m² ainsi qu'un accès à un cellier de 5m² équipé en buanderie. L'espace nuit totalise 3 chambres dont un espace enfant (13,50m² et 12m²) avec salle de bains et une suite parentale de 16m² avec dressing et salle de douches. Ce bien rare à la vente et qualitatif est vendu avec une grande cave de 10m² environ - Un GARAGE simple et profond est vendu en supplément à 55000 euros HAI / Possibilité d'une location d'un garage double (180 euros/mois).",Non reference,1 Salle de bain,1 Toilette,Année de construction 1965,Au 4ème étage,Non reference,Balcon,Cave,Non reference,Non reference,Non reference,Gardien,Bâtiment de 5 étages,Non reference,Lyon 6ème,Non reference,,Non reference,Non reference,['106 M²'],Non reference,Non reference,Non reference,Non reference
Appartement,3 Chambres,4 Pièces,"850 000 €
Les honoraires sont à la charge du vendeur","Appartement 4 pièces de 110.3m² avec balcon extérieur de 12m² | Rue Masséna | Lyon Liberkeys vous propose cet appartement T4 de 110.3m², situé au 3ème étage sur 7 d'une petite copropriété avec ascenseur. Sur le bien: En plein coeur du 6ème arrondissement, ce superbe appartement de 110m² avec 3 chambres et vaste espace de vie conviendra parfaitement à tous ceux qui voudront s'établir dans ce beau quartier. Vous jouirez de prestations haut de gamme et matériaux d'exception. Les aménagements et les travaux ont été réalisés par un architecte. Le bien est composé d'un grand salon orienté Ouest de 39m² avec un accès direct au grand balcon de 12m² que vous pourrez utiliser tout au long de l'année. Vous retrouverez également une cuisine avec des matériaux d'exception comme le Dekton ou encore un mortier lissé (Marius Aurenti) et ciré au sol sur toute la surface de l'appartement. Pour la partie nuit, trois chambres de 11m², 12m² et 20m² sont présentes. Les 2 premières avec penderies intégrées conviendront parfaitement aux enfants. Donnant sur la cour intérieure de la copropriété, elles sont calmes. Vous retrouverez 2 WC séparés ainsi qu'une belle salle de bain avec baignoire dans le couloir. La dernière chambre, la plus grande, composée d'un très grand dressing et d'une salle d'eau attenante la transformant en suite parentale idéale. Une cave et un box fermé pour une voiture viennent compléter ce bien. Les plus: - Prestations et matériaux de grande qualité - Lumineux - Calme - Proche toutes commodités Faibles charges: 200 euros par mois comprenant espaces verts et espaces communs. Taxe foncière: 1572 euros par an Chauffage au gaz individuel. Double vitrage. Sur l'immeuble: Construit en 2000. Copropriété de 26 appartements. Les espaces communs comprennent un jardin ainsi qu'un espace sécurisé pour les vélos. Sur la localisation: Emplacement exceptionnel, en plein coeur de l'agréable 6ème arrondissement vous retrouverez toutes les commodités au pied de l'immeuble: commerces de bouches, banques, postes, transport s (métro A, arrêt Masséna à 2min à pied de l'immeuble) mais également de nombreux restaurants et bar dans les rues adjacentes. . Liberkeys - 21 Rue du commandant Fuzier - 69003 Lyon.",1 Salle d'eau,1 Salle de bain,2 Toilettes,Année de construction 2000,Au 3ème étage,Ascenseur,Balcon,Cave,Non reference,Non reference,Non reference,Non reference,Bâtiment de 7 étages,Non reference,Lyon 6ème,Non reference,Parking,Non reference,Non reference,['110 M²'],Non reference,Non reference,Non reference,Non reference
Appartement,4 Chambres,5 Pièces,"1 450 000 €
Les honoraires sont à la charge du vendeur","Boulevard des Belges, au dernier étage avec accès direct sur le Parc de la Tête d'Or, très bel appartement entièrement refait et climatisé d'une surface de 130m², avec terrasse exposée plein Sud. Très beau séjour double donnant sur terrasse, 4 belles chambres dont la suite parentale avec sa salle de bains, 1 salle d'eau, 2 toilettes, une buanderie. Volet électrique centralisé. 1 place de parking en sous-sol. Agence Primmo Lyon Foch Copropriété de 17 lots (Pas de procédure en cours). Charges annuelles: 5400 euros.",Non reference,Non reference,Non reference,Année de construction 1982,Au 3ème étage,Ascenseur,,Non reference,Non reference,Non reference,Non reference,Gardien,Bâtiment de 3 étages,Non reference,Lyon 6ème,Non reference,Parking,Non reference,Non reference,['130 M²'],Terrasse,Non reference,Non reference,Belle vue
Duplex,3 Chambres,5 Pièces,"890 000 €
Les honoraires sont à la charge du vendeur","Situé dans le 6ème arrondissement de Lyon, Place Puvis de Chavannes, au coeur du triangle d'or, cet appartement d'exception de 120m² (114m² carrez) prend place au 4ème étage avec ascenseur, d'un bel immeuble Art Déco de 1930 sur son terrain. Issu de la réhabilitation d'ancien bureaux, cet appartement a été entièrement rénové par un architecte de renom, au cours de l'année 2019. Dès l'entrée, l'oeil est indéniablement attiré par la vue sur les pentes de la Croix Rousse et l'église de la Rédemption, permise par les très grandes fenêtres aux angles cassés propre au style Art Déco. Baignée de lumière avec son orientation Ouest et ses 4 mètres de hauteur sous plafond, la pièce de vie est composée d'une cuisine entièrement équipée, et d'un coin télévision astucieusement composé de nombreux rangements. Un parquet en chêne massif sublime cet ensemble. De plain-pied, se trouve également une grande chambre parentale avec sa propre salle de bain et son dressing. Un coin buanderie et un toilette complètent ce niveau. C'est par un bel escalier en bois que l'on accède au second niveau où l'architecte, bénéficiant de la belle hauteur sous plafond de cet appartement, a crée intelligemment deux grandes chambres possédantes chacune des verrières toutes hauteurs et de grands placards de rangement. Un espace bureau surplombant la pièce de vie a été également créée. A 5 minutes à pied du métro Foch et de l'avenue Franklin Roosevelt, et proches de toute les commodités, cet appartement entièrement rénové et ensoleillé ravira les familles en quête d'un produit unique. Climatisation réversible. Domotique. VMC Double Flux. GARAGE EN LOCATION a 1 minute à pied Possibilité double destination. Contact: Clément - Copropriété de 22 lots (Pas de procédure en cours). Charges annuelles: 1080.00 euros.",1 Salle d'eau,1 Salle de bain,2 Toilettes,Non reference,Au 4ème étage,Ascenseur,,Non reference,Non reference,Non reference,Non reference,Non reference,Bâtiment de 5 étages,Non reference,Lyon 6ème,Non reference,,Parquet,Non reference,['120 M²'],Non reference,Non reference,Non reference,Non reference
Appartement,3 Chambres,6 Pièces,"1 550 000 €
Les honoraires sont à la charge du vendeur","A proximité immédiate de l'entrée du Parc de la Tête D'Or, dans un immeuble de 1910 de belle facture et sur son terrain, appartement élégant entièrement rénové de 183 m². Composé de vastes pièces de réception avec de larges ouvertures au sud, d'une cuisine indépendante équipée, et d'un cellier. De 3 chambres dont une chambre parents avec salle de bains et dressing, de 2 chambres qui se partagent une salle d'eau. Rénovation soignée de grande qualité. Le charme de l'ancien côtoie le confort contemporain avec harmonie. En annexe 2 caves et 2 places de stationnement dans la cour de l'immeuble. Quote part annuelle 2400EUR. Copropriété de 12 lots. Pas de procédure en cours. ARLIM PRESTIGE Bénédicte Adrian Honoraires à la charge du vendeur.",1 Salle d'eau,1 Salle de bain,1 Toilette,Non reference,Au 1er étage,Ascenseur,,Cave,Non reference,Non reference,Non reference,Gardien,Non reference,Non reference,Lyon 6ème,Non reference,Parking,Non reference,Non reference,['183 M²'],Non reference,Non reference,Non reference,Non reference
Triplex,4 Chambres,5 Pièces,"910 000 €
Les honoraires sont à la charge du vendeur","Proximité Place Kléber et crs Franklin Roosevelt, au calme, joli Triplex climatisé avec terrasse dans un esprit contemporain, 136 m² utile/130 m² carrez composé d'une vaste cuisine ouverte sur séjour (l'ensemble faisant 52 m²) et terrasse de 15.60 m², 4 chambres dont 1 suite parentale avec dressing et salle d'eau attenante, 1 salle de bains et 1 salle d'eau, 3 WC, garage en sous-sol pour 50 ke en sus du prix.",1 Salle d'eau,1 Salle de bain,3 Toilettes,Non reference,Au 3ème étage,Non reference,,Non reference,Non reference,Non reference,Non reference,Non reference,Non reference,Non reference,Lyon 6ème,Non reference,,Non reference,Non reference,['136 M²'],Terrasse,Non reference,Non reference,Non reference
Appartement,4 Chambres,6 Pièces,"1 495 000 €
Les honoraires sont à la charge du vendeur","Dans l'axe de la Place Puvis de Chavanne idéalement situé dans le coeur du triangle d'Or /FOCH un somptueux appartement contemporain traversant Est/Ouest et lumineux dans un immeuble édifié sur son terrain. Ce bien d'exception climatisé comprends: une entrée, quatre chambres dont une suite parentale avec salle de bain/douche et dressing, une pièce de réception d'env. 70 m² avec cuisine meublée et équipée ouverte d'env. 17 m², une pièce (jeu ou bureau), une salle de bains, une salle d'eau, avec un studio meublé attenant comprenant une pièce principale avec kitchenette et salle d'eau. Possibilité de de créer un balcon. Un garage box fermé au sous-sol complète ce bien. La copropriété bénéficie des équipements collectifs suivants: espace vélos en sous-sol, ascenseur, une cave commune, une terrasse extérieure aménagée. Informations et visites.",2 Salles d'eau,2 Salles de bain,2 Toilettes,Année de construction 1965,Au 1er étage,Ascenseur,Balcon,Cave,Non reference,Non reference,Non reference,Gardien,Bâtiment de 5 étages,Non reference,Lyon 6ème,Non reference,,Parquet,Non reference,['231 M²'],Terrasse,Non reference,Non reference,Non reference
Appartement,4 Chambres,6 Pièces,"1 050 000 €
Les honoraires sont à la charge du vendeur","Venez découvrir ce grand appartement familial de 168 m² au 6ème et dernier étage d'un immeuble de bon standing avec son garage fermé de 16m². Il comprend un vaste séjour double de 55 m² donnant sur un balcon plein ouest de 10 m² avec vue sur la colline de la Croix Rousse, quatre chambres, une cuisine indépendante avec son balcon, trois salles d'eau, deux toilettes et de nombreux placards.. Une cave complète ce bien. Un garage fermé en sous-sol est possible en SUS. Proche de toutes les commodités: métro Foch, bus, écoles, commerces, Parc de la Tête d'Or et Berges du Rhône Contacter Bénédicte Tuaillon: Classe Énergie: D Copropriété de 20 lots (Pas de procédure en cours). Charges annuelles: 7598.00 euros.",Non reference,3 Salles de bain,2 Toilettes,Année de construction 1970,Au 6ème étage,Ascenseur,,Cave,Non reference,Non reference,Non reference,Non reference,Bâtiment de 6 étages,Non reference,Lyon 6ème,Non reference,,Non reference,Non reference,['168 M²'],Non reference,Non reference,Non reference,Belle vue
Triplex,4 Chambres,5 Pièces,"910 000 €
Les honoraires sont à la charge du vendeur","Proximité Place Kléber et crs Franklin Roosevelt, au calme, joli Triplex climatisé avec terrasse dans un esprit contemporain, 136 m² utile/130 m² carrez composé d'une vaste cuisine ouverte sur séjour (l'ensemble faisant 52 m²) et terrasse de 15.60 m², 4 chambres dont 1 suite parentale avec dressing et salle d'eau attenante, 1 salle de bains et 1 salle d'eau, 3 WC, garage en sous-sol pour 50 ke en sus du prix.",1 Salle d'eau,1 Salle de bain,3 Toilettes,Non reference,Au 3ème étage,Non reference,,Non reference,Non reference,Non reference,Non reference,Non reference,Non reference,Non reference,Lyon 6ème,Non reference,,Non reference,Non reference,['136 M²'],Terrasse,Non reference,Non reference,Non reference
Appartement,3 Chambres,4 Pièces,"690 000 €
Les honoraires sont à la charge du vendeur","Cours Vitton, au métro Masséna, en étage élevé avec ascenseur, dans immeuble 1900 avec gardienne, SUPERBE appartement rénové de 88m². Appartement entièrement rénové avec des prestation de grande qualité, aucun travaux n'est à prévoir: double vitrage argon 4/16/4, électricité refaite, radiateurs et chaudière au gaz changés, cuisine et salle de bain neuves, parquets poncés, cloison phonique, peintures refaites. Appartement très lumineux, traversant Sud et Nord. Une entrée avec dressing sur mesure, ouvre sur le séjour avec cheminée en parquet. La cuisine intégrée équipée de l'électroménager est ouverte sur la pièce de vie. Trois chambres avec rangements et dressing, une salle de bain et douche, toilettes. Une cave. Contacter Florence Chabran pour une visite guidée et pour tout renseignement complémentaire. Honoraires d'agence à la charge du vendeur.",1 Salle d'eau,1 Salle de bain,1 Toilette,Année de construction 1900,Au 4ème étage,Ascenseur,,Cave de 8 m²,Non reference,Non reference,Non reference,Gardien,Non reference,Non reference,Lyon 6ème,Non reference,,Parquet,Non reference,['88 M²'],Non reference,Non reference,Non reference,Non reference
Appartement,2 Chambres,5 Pièces,"1 560 000 €
Les honoraires sont à la charge du vendeur","Exceptionnel, en étage élevé avec une vue panoramique jusqu'à Fourvière dans un immeuble de grand standing 163 m² composé d'une entrée ouverte sur une vaste réception de 56 m², cuisine indépendante, 2 grandes chambres (4 à l'origine), grand dressing, vaste salle de bains de 10 m², buanderie, toilettes. 1 cave et garage pour 40 ke en sus du prix Une exclusivité PRIMMO.",1 Salle d'eau,1 Salle de bain,2 Toilettes,Non reference,Au 6ème étage,Non reference,,Non reference,Non reference,Non reference,Non reference,Gardien,Bâtiment de 13 étages,Non reference,Lyon 6ème,Non reference,,Non reference,Non reference,['163 M²'],Non reference,Non reference,Non reference,Belle vue
Appartement,4 Chambres,6 Pièces,"1 050 000 €
Les honoraires sont à la charge du vendeur","Venez découvrir ce grand appartement familial de 168 m² au 6ème et dernier étage d'un immeuble de bon standing avec son garage fermé de 16m². Il comprend un vaste séjour double de 55 m² donnant sur un balcon plein ouest de 10 m² avec vue sur la colline de la Croix Rousse, quatre chambres, une cuisine indépendante avec son balcon, trois salles d'eau, deux toilettes et de nombreux placards.. Une cave complète ce bien. Un garage fermé en sous-sol est possible en SUS. Proche de toutes les commodités: métro Foch, bus, écoles, commerces, Parc de la Tête d'Or et Berges du Rhône Contacter Bénédicte Tuaillon: Classe Énergie: D Copropriété de 20 lots (Pas de procédure en cours). Charges annuelles: 7598.00 euros.",Non reference,3 Salles de bain,2 Toilettes,Année de construction 1970,Au 6ème étage,Ascenseur,,Cave,Non reference,Non reference,Non reference,Non reference,Bâtiment de 6 étages,Non reference,Lyon 6ème,Non reference,,Non reference,Non reference,['168 M²'],Non reference,Non reference,Non reference,Belle vue
Appartement,3 Chambres,4 Pièces,"1 550 000 €
Les honoraires sont à la charge du vendeur","Lyon 6 - Boulevard des Belges - Appartement de 183 m² - 3 chambres Cet appartement rénové est situé au 1er étage avec ascenseur d'un immeuble de 1910. Sa superficie est de 183 m². De belles pièces de réception avec séjour, salle à manger et cuisine indépendante, 3 chambres dont une suite parentale et une salle d'eau composent cet appartement d'exception. 2 caves. Place de parking non nominatives dans la cours. À proximité immédiate des commerces, des écoles et des transports.",1 Salle d'eau,1 Salle de bain,Non reference,Année de construction 1910,Au 1er étage,Ascenseur,,Cave,Non reference,Non reference,Non reference,Gardien,Bâtiment de 4 étages,Non reference,Lyon 6ème,Non reference,,Non reference,Non reference,['183 M²'],Non reference,Non reference,Non reference,Non reference
Appartement,4 Chambres,5 Pièces,"1 370 000 €
Les honoraires sont à la charge du vendeur","Situé rue Tronchet, dans le 6ème arrondissement de Lyon à quelques mètres du métro Foch, cet appartement d'exception de 164 m² entièrement rénové par architecte, prend place au 4ème étage d'un bel immeuble haussmannien sur son terrain. La partie jour de l'appartement comprend une belle pièce chaleureuse et élégante de réception d'environ 60 m² avec belle hauteur sous plafond. La cuisine aménagée et équipée avec îlot central, ouverte sur le séjour, présente un espace convivial. L'espace nuit comprend 4 chambres avec placards dont une magnifique Master Suite avec salle d'eau et dressing. Les autres chambres se partagent une salle de bain avec douche et baignoire. Le charme de l'ancien, de l'entrée de l'immeuble jusqu'aux parties privatives, les prestations de rénovation haut de gamme, ainsi que l'emplacement prisé et rare font de ce bien un véritable joyau. Climatisé. 1 cave et un grenier complètent ce bien. Garage en location à 1 minute à pied. Charges annuelles: 1990 euros Contact: Clément - Copropriété de 20 lots (Pas de procédure en cours). Charges annuelles: 1996.00 euros.",1 Salle d'eau,1 Salle de bain,2 Toilettes,Année de construction 1900,Au 4ème étage,Ascenseur,,Cave,Non reference,Non reference,Non reference,Non reference,Non reference,Non reference,Lyon 6ème,Non reference,,Non reference,Non reference,['164 M²'],Non reference,Non reference,Non reference,Non reference
Appartement,3 Chambres,5 Pièces,"Exclusivité. Lyon 6ème, boulevard des Belges. Appartement d'exception d'une surface de 173 m² dans un immeuble de 1950 avec un accès direct sur le Parc de la Tête d'Or. Il se compose d'une entrée desservant une double réception et une salle à manger en enfilade côté Sud. Une cuisine indépendante équipée avec son balcon côté Parc. L'espace nuit est actuellement composé d'un bureau, d'une salle de bains avec baignoire balnéo et douche, d'une très grande chambre de 36 m² avec un dressing sur-mesure. La chambre bénéficie de 3 grandes fenêtres exposées Est / Ouest. L'appartement peut-être reconfiguré en 4 chambres. Une cave. Un garage en sus situé dans la cour de l'immeuble au prix de 50 000 € complète ce bien. Infos loi Alur: 17 lots de copropriété, quote part charges annuelles 6 540 €, pas de procédure en cours. Violaine Prenot.","Exclusivité. Lyon 6ème, boulevard des Belges. Appartement d'exception d'une surface de 173 m² dans un immeuble de 1950 avec un accès direct sur le Parc de la Tête d'Or. Il se compose d'une entrée desservant une double réception et une salle à manger en enfilade côté Sud. Une cuisine indépendante équipée avec son balcon côté Parc. L'espace nuit est actuellement composé d'un bureau, d'une salle de bains avec baignoire balnéo et douche, d'une très grande chambre de 36 m² avec un dressing sur-mesure. La chambre bénéficie de 3 grandes fenêtres exposées Est / Ouest. L'appartement peut-être reconfiguré en 4 chambres. Une cave. Un garage en sus situé dans la cour de l'immeuble au prix de 50 000 € complète ce bien. Infos loi Alur: 17 lots de copropriété, quote part charges annuelles 6 540 €, pas de procédure en cours. Violaine Prenot.",Non reference,1 Salle de bain,2 Toilettes,Année de construction 1956,Au 2ème étage,Ascenseur,Balcon,Cave,Non reference,Non reference,Non reference,Non reference,Bâtiment de 4 étages,Non reference,Lyon 6ème,Non reference,,Non reference,Non reference,['173 M²'],Non reference,Non reference,Non reference,Non reference
Appartement,3 Chambres,5 Pièces,"1 230 000 €
Les honoraires sont à la charge du vendeur","Lyon 6 - Foch - Appartement à vendre de 154 m² - 3 chambres FOCH. Situé au coeur du 6e arrondissement cet appartement dispose de 154 m². Il se compose d'une entrée desservant un salon, d'une salle à manger, d'une cuisine équipée avec son cellier. La partie nuit totalise 3 chambres dont une suite parentale avec une salle de bains et une salle d'eau. Une buanderie, une cave et un local à vélo complètent ce bien.",1 Salle d'eau,1 Salle de bain,2 Toilettes,Année de construction 1950,Au 2ème étage,Ascenseur,,Cave,Non reference,Non reference,Non reference,Gardien,Bâtiment de 10 étages,Non reference,Lyon 6ème,Non reference,,Non reference,Non reference,['154 M²'],Non reference,Non reference,Non reference,Belle vue
Appartement,2 Chambres,4 Pièces,"895 000 €
Les honoraires sont à la charge du vendeur","boulevard des Belges coté impair avec accès direct au Parc de la Tête d'or, Joli 104.95 m² + terrasse de 14 m², composé d'une entrée, vaste séjour de 34.35 m² exposé Sud/Ouest, cuisine indépendante, 2 belles chambres de 14.40 et 12.10 m², salle de bains fenêtre baignoire et douche, coin bureau dans le dégagement de 7.85 m², WC indépendants, nombreux rangements. 1 cave de 13 m² et 1 beau parking en sous-sol sécurisé pour 35 ke en sus du prix Copropriété de 17 lots (Pas de procédure en cours). Charges annuelles: 4220 euros.",Non reference,1 Salle de bain,1 Toilette,Année de construction 1982,Au 2ème étage,Ascenseur,,Cave,Non reference,Non reference,Non reference,Non reference,Bâtiment de 3 étages,Non reference,Lyon 6ème,Non reference,Parking,Non reference,Non reference,['105 M²'],Terrasse,Non reference,Non reference,Non reference
Appartement,4 Chambres,5 Pièces,"1 050 000 €
Les honoraires sont à la charge du vendeur","Au coeur du 6ème arrondissements de Lyon, à 20 mètres de la place Edgar Quinet, et 5 minutes du métro Foch, cet appartement familiale de 145 m² se situe au 4ème étage d'un immeuble de 1990. Un grand hall d'entrée accueille ses hôtes et distribue l'appartement. Au Nord sur cour, prennent place une suite parentale avec sa salle de bain, deux chambres et une cuisine fermée. Au Sud se trouve une très belle pièce de vie lumineuse de 40 m² avec parquet chevron. Une quatrième chambre mitoyenne à la pièce de vie se trouve également au Sud. Deux salles de bains supplémentaires complètent cet ensemble. Possibilité de transposer la quatrième chambre sur cour et agrandir la pièce de vie d'environ 20 m². Un box fermé et une cave s'ajoutent à cet appartement. La localisation a proximité immédiate de la place Edgar Quinet, le stationnement, l'étage élevé et les possibilités d'aménagement font de cet appartement un bien coup de coeur. Box fermé 1 place Travaux de rafraîchissement à prévoir. Immeuble sur son terrain. Soumis au statut de la copropriété 25 lots - charges annuelles 1800 euros Contact: Clément: Copropriété de 25 lots (Pas de procédure en cours). Charges annuelles: 1800.00 euros.",1 Salle d'eau,2 Salles de bain,2 Toilettes,Non reference,Au 4ème étage,Ascenseur,,Cave,Non reference,Non reference,Non reference,Non reference,Bâtiment de 7 étages,Non reference,Lyon 6ème,Non reference,,Parquet,Non reference,['145 M²'],Non reference,Non reference,Non reference,Non reference
Appartement,3 Chambres,4 Pièces,"1 550 000 €
Les honoraires sont à la charge du vendeur","Lyon 6 - Boulevard des Belges - Appartement de 183 m² - 3 chambres Cet appartement rénové est situé au 1er étage avec ascenseur d'un immeuble de 1910. Sa superficie est de 183 m². De belles pièces de réception avec séjour, salle à manger et cuisine indépendante, 3 chambres dont une suite parentale et une salle d'eau composent cet appartement d'exception. 2 caves. Place de parking non nominatives dans la cours. À proximité immédiate des commerces, des écoles et des transports.",1 Salle d'eau,1 Salle de bain,Non reference,Année de construction 1910,Au 1er étage,Ascenseur,,Cave,Non reference,Non reference,Non reference,Gardien,Bâtiment de 4 étages,Non reference,Lyon 6ème,Non reference,,Parquet,Non reference,['183 M²'],Non reference,Non reference,Non reference,Non reference
Appartement,3 Chambres,5 Pièces,"870 000 €
Les honoraires sont à la charge du vendeur","Au 3ème étage d'un immeuble ART DÉCO. Appartement de 132 m² Carrez composé d'une vaste entrée desservant les différentes pièces de l'appartement, d'une pièce de vie de 40 m² ouverte sur un balcon filant et orienté à l'Ouest, de trois chambres dont une avec dressing, d'une cuisine indépendante ouvrant sur un 2ème grand balcon de 9 m², d'un cellier, d'une salle de bains, d'une salle d'eau. Un garage à proximité immédiate peut être acquis en bail longue durée. Copropriété de 25 lots. Quote part annuelle 3832EUR chauffage compris. Pas de procédures en cours. Honoraires à la charge du vendeur. ARLIM PRESTIGE SAXE: Brune GONTARD Agent commercial.",1 Salle d'eau,1 Salle de bain,1 Toilette,Année de construction 1930,Au 3ème étage,Ascenseur,Balcon,Cave,Non reference,Non reference,Non reference,Non reference,Bâtiment de 7 étages,Non reference,Lyon 6ème,Non reference,Non reference,Non reference,Non reference,['132 M²'],Non reference,Non reference,Non reference,Non reference
Appartement,3 Chambres,4 Pièces,"1 700 000 €
Les honoraires sont à la charge du vendeur",EXCLUSIVITÉ - Lyon 6 - Tête d'Or - Appartement à vendre de 149 m² - 3 Chambres EXCLUSIVITÉ - TÊTE D'OR. Cet appartement d'exception est situé au second étage d'un hôtel particulier côté parc et a été entièrement refait à neuf. Il se compose d'un salon climatisé et d'une cuisine indépendante totalisant 48 m². La partie nuit se compose de 3 chambres avec chacune salle de bains ou salle d'eau. Cet appartement se compose également d'une terrasse végétalisée. Cet appartement bénéficie de très belles prestations. Une cave complète ce bien. Possibilité d'acquérir en sus 3 parkings. Vous êtes à proximité des commerces et des écoles.,1 Salle d'eau,2 Salles de bain,1 Toilette,Année de construction 1800,Au 2ème étage,Non reference,Balcon,Cave,Non reference,Non reference,Non reference,Non reference,Bâtiment de 3 étages,Non reference,Lyon 6ème,Non reference,Non reference,Non reference,Non reference,['149 M²'],Terrasse,Non reference,Non reference,Belle vue
Appartement,2 Chambres,4 Pièces,"Quai Sarrail / Lyautey Exclusivité Emplacement de 1er ordre pour cet appartement-loft de prestige d'une superficie de 181 m² situé bord de Rhône avec une vue époustouflante sur ville et colline. Vous serez séduit par cette superbe rénovation alliant le charme de l'ancien au contemporain, réalisée par un architecte de renom. Une pièce de vie de 116 m² traversante Est/Ouest composée d'un séjour-salle à manger avec parquet et cheminées, d'une cuisine équipée high-tech pour les fins gourmets. Au calme, deux chambres sur cour dont une suite parentale avec son dressing et sa salle de bains prestigieuse, la seconde chambre avec sa salle d'eau attenante. Deux caves et un grenier complètent ce bien. Infos Loi Alur: copropriété de 12 lots, quote-part charges annuelles de 1 200 €.","Quai Sarrail / Lyautey Exclusivité Emplacement de 1er ordre pour cet appartement-loft de prestige d'une superficie de 181 m² situé bord de Rhône avec une vue époustouflante sur ville et colline. Vous serez séduit par cette superbe rénovation alliant le charme de l'ancien au contemporain, réalisée par un architecte de renom. Une pièce de vie de 116 m² traversante Est/Ouest composée d'un séjour-salle à manger avec parquet et cheminées, d'une cuisine équipée high-tech pour les fins gourmets. Au calme, deux chambres sur cour dont une suite parentale avec son dressing et sa salle de bains prestigieuse, la seconde chambre avec sa salle d'eau attenante. Deux caves et un grenier complètent ce bien. Infos Loi Alur: copropriété de 12 lots, quote-part charges annuelles de 1 200 €.",1 Salle d'eau,1 Salle de bain,2 Toilettes,Année de construction 1900,Au 4ème étage,Ascenseur,,Cave,Non reference,Non reference,Non reference,Non reference,Bâtiment de 5 étages,Non reference,Lyon 6ème,Non reference,Non reference,Parquet,Non reference,['181 M²'],Non reference,Non reference,Non reference,Non reference
Appartement,3 Chambres,5 Pièces,"800 000 €
Les honoraires sont à la charge du vendeur","LYON 6 - TÊTE D'OR Une exclusivité Majoux-Virieux - Aux pieds du parc de la tête d'or et à proximité des commerces. Très bel appartement extrêmement lumineux, rénové entièrement, sur 108 m². Une cuisine US entièrement équipée sur salon/ salle à manger de 44 M². Côté nuit, une suite parentale avec dressing, salle d'eau et WC indépendant. Deux autres belles chambres, une salle de bains. Une buanderie, un WC. Place de stationnement dans la copropriété. Une cave complète ce bien. MAJOUX-VIRIEUX Immobilier - Geoffrey DELORME.",1 Salle d'eau,1 Salle de bain,2 Toilettes,Non reference,Au moins 1 toilette séparée,Non reference,,Cave,Non reference,Non reference,Non reference,Gardien,Bâtiment de 5 étages,Non reference,Lyon 6ème,Non reference,Non reference,Non reference,Non reference,['108 M²'],Non reference,Non reference,Non reference,Non reference
Appartement,4 Chambres,5 Pièces,"910 000 €
Les honoraires sont à la charge du vendeur","Situé au coeur du 6ème arrondissement de Lyon, à deux pas du cours Franklin Roosevelt, ce loft contemporain de 136m² est le fruit de la réhabilitation d'un ancien atelier. Un hall s'ouvre sur une somptueuse pièce de vie aux volumes exceptionnels où les lignes contemporaines épousent parfaitement les poutres anciennes. Elle se compose d'une cuisine design entièrement équipée ouverte sur un séjour, le tout donnant sur un patio de 15m². Un escalier mène à l'étage où prend place une chaleureuse suite parentale composée de sa salle d'eau et de son dressing. Au niveau supérieur, un couloir distribue deux vastes chambres bénéficiant d'une salle de bain. Un bureau ou une chambre au dernier étage peaufine ce bien inattendu. La localisation prisée, la rénovation de qualité et le calme absolu en font un bien unique. Chauffage au sol et climatisation réversible. Un garage en sous-sol en sus 50 000 euros. Contact: Clément - Copropriété de 10 lots (Pas de procédure en cours). Charges annuelles: 2500 euros.",1 Salle d'eau,1 Salle de bain,2 Toilettes,Année de construction 2010,Non reference,Non reference,,Non reference,Non reference,Non reference,Non reference,Non reference,Non reference,Non reference,Lyon 6ème,Non reference,,Non reference,Non reference,['136 M²'],Terrasse,Non reference,Non reference,Non reference
Appartement,3 Chambres,5 Pièces,"800 000 €
Les honoraires sont à la charge du vendeur","LYON 6 - TÊTE D'OR Une exclusivité Majoux-Virieux - Aux pieds du parc de la tête d'or et à proximité des commerces. Très bel appartement extrêmement lumineux, rénové entièrement, sur 108 m². Une cuisine US entièrement équipée sur salon/ salle à manger de 44 M². Côté nuit, une suite parentale avec dressing, salle d'eau et WC indépendant. Deux autres belles chambres, une salle de bains. Une buanderie, un WC. Place de stationnement dans la copropriété. Une cave complète ce bien. MAJOUX-VIRIEUX Immobilier - Geoffrey DELORME.",1 Salle d'eau,1 Salle de bain,2 Toilettes,Non reference,Au moins 1 toilette séparée,Non reference,,Cave,Non reference,Non reference,Non reference,Gardien,Bâtiment de 5 étages,Non reference,Lyon 6ème,Non reference,Non reference,Non reference,Non reference,['108 M²'],Non reference,Non reference,Non reference,Non reference
Appartement,2 Chambres,3 Pièces,"660 000 €
Les honoraires TTC sont inclus à la charge de l’acquéreur, soit 0% du prix du bien","Crillon, proche du parc de la Tête d'or, dans un très bel immeuble récent de standing, magnifique T3 de 78m² en cours de rénovation par un architecte, comprenant une entrée avec rangement donnant accès à un séjour-salle à manger, une cuisine ouverte entièrement équipée avec cellier, 2 chambres avec placards dont une attenante à un dressing, une salle de douche, une salle de bain, des toilettes ainsi que d'une buanderie. Cet appartement dispose d'une cave en sous-sol avec la possibilité d'acquérir un garage en sus. Immeuble en copropriété, en attente du nombre de lots. Contact Jérémy Mougin.",1 Salle d'eau,1 Salle de bain,1 Toilette,Non reference,Au 2ème étage,Ascenseur,,Cave,Non reference,Non reference,Non reference,Non reference,Bâtiment de 5 étages,Non reference,Lyon 6ème,Non reference,,Non reference,Non reference,['78 M²'],Non reference,Non reference,Non reference,Non reference
Appartement,3 Chambres,5 Pièces,"1 030 000 €
Les honoraires sont à la charge du vendeur","RARE: Dans un bel immeuble Haussmannien de la fin du 19° siècle, au coeur du triangle d'or très recherché du 6ème arrondissement de Lyon à 2 pas de la place Puvis de Chavanne, des quais du Rhône et du parc de la Tête d'or, cet appartement rénové il y a 7 ans offre à l'entresol (1er étage) de grands volumes sur 140m² avec un salon et une chambre aménagées côté rue Duquesne et 2 autres chambres dont la suite parentale de plus de 30m² - avec dressing et salle d'eau-. Exposés au sud sur la cour intérieure. La salle d'eau et la salle de bain, ainsi que la plomberie et l'électricité ont été refaites récemment. Une cave complète le bien. Un garage est loué à 200m, rue du colonel Prévost. A proximité de tous services, commerces, bus, écoles.. (collège et lycée du Parc, Maternelle et Primaire La Rédemption, bilingue Ombrosa.. Clinique du Parc) Charges de copropriété faibles de 100 euros/an Taxe Foncière: 1640 euros/an Investissement patrimonial dans le triangle d'or !(consulats d'Allemagne, Grèce, Italie, Portugal.. À) Contact Nicole pour visite ou visite virtuelle guidée: Recherche tout bien à vendre de qualité sur Lyon et environs pour clients qualifiés solvables. Mandat N° 493. Honoraires à la charge du vendeur. Dans une copropriété. Quote-part moyenne du budget prévisionnel 1 200 euros/an. Aucune procédure n'est en cours.",1 Salle d'eau,1 Salle de bain,2 Toilettes,Année de construction 1850,Au 1er étage,Ascenseur,,Cave,Non reference,Non reference,Non reference,Non reference,Bâtiment de 6 étages,Non reference,Lyon 6ème,Non reference,Non reference,Non reference,Non reference,['140 M²'],Non reference,Non reference,Non reference,Non reference
Appartement,Lyon 6ème,3 Chambres,8 Pièces,"2 800 000 €
Les honoraires sont à la charge du vendeur","RARE !! Lyon 6 Vue Fourvière !! Quand le raffinement se met au service de l'exception !! C'est ce que propose ce bien unique au coeur de la ville à une adresse des plus prisées de Lyon et avec vue imprenable sur Fourvière. Ce sont plus de 300m² qui vous feront bénéficier de prestations rares en vous proposant des volumes exceptionnels. La majestueuse et non moins élégante entrée dessert tous les espaces de vie de cet appartement. De là nous sommes irrésistiblement happés par le style incomparable de la double pièce de réception de près de 80m². La cuisine au charme raffiné bénéficie de tous les équipements dignes de son rang et profite d'une surface de 37m². L'espace nuit, judicieusement aménagé en retrait de la partie jour, vous permet de découvrir une superbe suite parentale de 40m² avec dressing, salle de bains et espace bureau. Ensuite ce sont deux autres chambres qui agrémentent cette partie nuit, complétée par une salle d'eau et une salle de bains. Un très spacieux bureau s'ajoute à ce bien ainsi qu'une buanderie, cellier, dressings et.. Trois studios indépendants. Très grand garage double, de 40m², deux greniers, deux caves. Nous sommes à votre disposition pour vous faire découvrir ce bien unique !! Dossier sur demande."".",1 Salle d'eau,2 Salles de bain,3 Toilettes,Non reference,Au 2ème étage,Bâtiment de 5 étages,Non reference,Belle vue,Cave,Parking,Non reference,Non reference,,Non reference,Gardien,Non reference,Non reference,Parquet,Non reference,Non reference,Non reference,Non reference,['313 M²']
Appartement,Lyon 6ème,2 Chambres,3 Pièces,"1 350 000 €
Les honoraires sont à la charge du vendeur",EXCLUSIVITÉ Dufossé Immobilier vous propose ce superbe appartement haut de gamme 107 m² à Croix Rousse rue Louis Thevenet au dernier étage. Vous retrouverez 2 chambres (possible 3) ainsi une terrasse et 2 balcons de 80 m² aménagés cuisine et jacuzzi avec une vue exceptionnelle. Garage double. Sébastien Dufossé (gedeon_5278_21035818).,1 Salle d'eau,1 Salle de bain,2 Toilettes,Année de construction 2017,Au 5ème étage,Bâtiment de 6 étages,Ascenseur,Belle vue,Non reference,Non reference,Non reference,Non reference,Balcon,Terrasse,Non reference,Non reference,Non reference,Non reference,Non reference,Non reference,Non reference,Piscine,['107 M²']
Appartement,Lyon 6ème,3 Chambres,4 Pièces,"649 000 €
Les honoraires sont à la charge du vendeur","Entre Massena et Foch, vous serez séduits par ce T3 traversant (poss. T4) d'env. 120 m² (101 m² carrez), séjour spacieux avec cuisine semi ouverte, 2 chambres sur cour intérieure au calme avec rangements dont une suite avec salle de bains, 1 salle d'eau vient completer ce bien. Nombreux rangements. 2 caves + 2 greniers. À découvrir. Contact A. ROSSINI 06/15/73/04/97. HCV. Aucune procédure en cours. Nombre de lots: 10. Charges annuelles: 1480EUR.",1 Salle d'eau,1 Salle de bain,1 Toilette,Année de construction 1890,Au 2ème étage,Bâtiment de 4 étages,Non reference,Non reference,Cave de 2 m²,Non reference,Non reference,Non reference,,Non reference,Non reference,Non reference,Non reference,Non reference,Non reference,Non reference,Non reference,Non reference,['120 M²']
Appartement,Lyon 6ème,3 Chambres,4 Pièces,558 000 €,"METROPOLE Immobilier vous propose ce beau T4, dans le quartier de Bellecombe dans le 6ème arrondissement de Lyon. Cet appartement de charme a un fort potentiel pour le rénover à votre goût. Situé au 2ème étage, il se compose d'un séjour, d'une cuisine fermée, de 2 salle de bain avec WC séparé et de 2 chambres + un espace à cloisonner pour une troisième chambre. Venez découvrir ce logement de 93 m², dans un bâtiment calme et sécurisé. Contactez nous vite (gedeon_28964_21170028).",Non reference,2 Salles de bain,1 Toilette,Non reference,Au 2ème étage,Bâtiment de 4 étages,Non reference,Non reference,Non reference,Non reference,Non reference,Non reference,,Non reference,Non reference,Non reference,Non reference,Non reference,Non reference,Non reference,Non reference,Non reference,['93 M²']
Appartement,Lyon 6ème,3 Chambres,5 Pièces,"1 080 000 €
Les honoraires sont à la charge du vendeur","Très bel appartement en étage élevé avec ascenseur exposé plein sud, sans vis à vis, avec balcon. Ce bien de prestige de 141 m² est situé sur une place emblématique au coeur du 6ème arrondissement de Lyon. Il est composé d'un hall d'entrée, d'un salon et d'une chambre sur la place avec de beaux ornements (parquets, boiseries, cheminées..). Un espace salle-à manger jouxte la cuisine équipée indépendante, deux chambres sur cour, au calme, une salle de bain, une salle d'eau / buanderie, un WC. Nombreux rangements. 1 cave et 1 grenier complètent ce bien. Immeuble sur son terrain. Solution de parking à proximité. Provisions pour charges annuelles: 3 145 EUR Copropriété de 6 lots sans procédure. Retrouvez tous nos biens.",1 Salle d'eau,1 Salle de bain,1 Toilette,Non reference,Au 3ème étage,Non reference,Ascenseur,Non reference,Cave,Parking,Non reference,Non reference,,Non reference,Non reference,Non reference,Non reference,Parquet,Non reference,Non reference,Non reference,Non reference,['142 M²']
Appartement,Lyon 6ème,4 Chambres,6 Pièces,"1 560 000 €
Les honoraires TTC sont inclus à la charge de l’acquéreur, soit 0% du prix du bien","UNIQUE en ce moment sur le marché lyonnais: appartement de 185,95 m² sur le Parc de la Tête d'Or dans une résidence de standing intimiste des années 50 avec gardien et accès direct au Parc. Hall d'entrée central, réception de 50 m² avec cheminée et baies ménageant une vue dégagée sur le Parc, cuisine, une chambre avec salle d'eau / WC, deux autres chambres reliées par une salle de bains, WC d'invités. Studio de 30,30 m² au rez-de-chaussée, rénové récemment, avec kitchenette, salle d'eau / WC, constituant un lot autonome, pouvant être utilisé de manière indépendante. Ancienne chambre de service de 9,53 m², 2 grandes caves, un box en sous-sol. Un bien de très grande qualité à une adresse exceptionnelle, une opportunité à saisir pour s'offrir l'exception à Lyon.. Retrouvez tous nos biens.",2 Salles d'eau,1 Salle de bain,3 Toilettes,Année de construction 1952,Au 1er étage,Bâtiment de 3 étages,Ascenseur,Belle vue,"Cave de 17,5 m²",Non reference,Non reference,Non reference,,Non reference,Gardien,Non reference,Non reference,Non reference,Non reference,Non reference,Non reference,Non reference,['194 M²']
Appartement,Lyon 6ème,2 Chambres,3 Pièces,"565 000 €
Les honoraires sont à la charge du vendeur","LYON 6 - entre Foch et Parc de la Tête d'Or - rare, dernier étage avec vue sur Fourvière d'un bel immeuble ancien avec ascenseur. Vous serez séduits par le charme de l'ancien ainsi que sa configuation en angle. Séjour, cuisine, 2 chambres, 1 salle de bains, WC séparé. Balcon.Aucun vis à vis. À découvrir.. Travaux à prévoir. Contact A. ROSSINI 06/15/73/04/97. HCV. Aucune procédure en cours. Nombre de Lots: 24. Charge annuelle: 2160 EUR.",Non reference,1 Salle de bain,1 Toilette,Année de construction 1950,Au 7ème étage,Bâtiment de 7 étages,Ascenseur,Belle vue,Cave,Non reference,Non reference,Non reference,,Non reference,Non reference,Non reference,Non reference,Non reference,Non reference,Non reference,Non reference,Non reference,['80 M²']
Villa,Lyon 6ème,4 Chambres,6 Pièces,"2 250 000 €
Les honoraires sont à la charge du vendeur","Dufossé immobilier vous propose cette villa exceptionnelle de style Toscan de 300 m² dont 80 m² de sous-sol (extension possible de 20% de la surface de plancher à confirmer via le plu-h). Vous trouverez 4 chambres (dont petit bureau) et 4200 m² de jardin d'une rare élégance vue, piscine ainsi qu'un garage 3 voitures. Sébastien Dufossé (gedeon_5278_21192807).",Non reference,2 Salles de bain,3 Toilettes,Année de construction 1990,Non reference,Non reference,Non reference,Non reference,Non reference,Parking,Non reference,Non reference,Non reference,Non reference,Non reference,Non reference,Non reference,Non reference,Non reference,Non reference,Non reference,Piscine,['300 M²']
Appartement,Lyon 6ème,2 Chambres,3 Pièces,"570 000 €
Les honoraires sont à la charge du vendeur","Bel appartement de 69m² situé en plein coeur du 6ème arrondissement, il est composé d'une cuisine en verrière entièrement équipée donnant sur la pièce de vie. Deux chambres et un espace bureau complètent cet appartement.Une salle de bain, un WC. Une cave et un Grenier.",Non reference,1 Salle de bain,1 Toilette,Non reference,Au 2ème étage,Non reference,Non reference,Non reference,Cave,Non reference,Non reference,Non reference,,Non reference,Non reference,Non reference,Non reference,Non reference,Non reference,Non reference,Non reference,Non reference,['68 M²']
Appartement,Lyon 6ème,4 Chambres,5 Pièces,"1 890 000 €
Les honoraires sont à la charge du vendeur","Dufossé immobilier vous propose Croix Rousse, superbe dernier étage prestation de haut de gamme de 200 m² situé au coeur de la Croix-Rousse. Séjour de plus de 70 m² donnant sur terrasse de 140 m² avec une vue à 300e, un jacuzzi et un espace repas. Vous retrouverez 3 chambres (possible 4) avec chacune leur salle de bain et dressing. Un grand garage double et un simple. Sébastien Dufossé (gedeon_5278_21058580).",2 Salles d'eau,1 Salle de bain,3 Toilettes,Année de construction 1994,Au 7ème étage,Bâtiment de 7 étages,Ascenseur,Belle vue,Non reference,Non reference,Non reference,Non reference,,Terrasse,Non reference,Non reference,Non reference,Non reference,Non reference,Non reference,Non reference,Non reference,['200 M²']
Appartement,Lyon 6ème,3 Chambres,4 Pièces,"590 000 €
Les honoraires sont à la charge du vendeur","Lyon 6 Part Dieu A proximité des commerces, des transports et de la gare. Appartement familial composé de 3 chambres avec de beaux volumes et du cachet. En bon état, il est traversant et très lumineux. Possibilité de garage en supplément. Contact.",Non reference,1 Salle de bain,1 Toilette,Année de construction 1954,Au 1er étage,Bâtiment de 7 étages,Ascenseur,Non reference,Cave,Parking,Non reference,Non reference,Balcon,Non reference,Non reference,Non reference,Non reference,Non reference,Non reference,Non reference,Non reference,Non reference,['100 M²']
